id;title;content;created_at
1;aw;../fake-data/blob/hipster.txt;2026-02-19T06:50:09
2;who;../fake-data/blob/hipster.txt;2026-02-19T05:10:04
3;tooth;../fake-data/blob/hipster.txt;2026-02-19T11:05:32
4;ugh past modulo;../fake-data/blob/hipster.txt;2026-02-18T21:53:02
5;integer;../fake-data/blob/hipster.txt;2026-02-19T05:45:40
6;next busily;../fake-data/blob/hipster.txt;2026-02-19T13:54:16
7;meh;../fake-data/blob/hipster.txt;2026-02-19T14:08:44
8;lady ick;../fake-data/blob/hipster.txt;2026-02-18T17:09:52
9;cuckoo;../fake-data/blob/hipster.txt;2026-02-18T16:22:22
10;suspiciously remand;../fake-data/blob/hipster.txt;2026-02-19T06:12:34
